,identity,filename,drift_beta,drift_difference,euclidean,cosine,drifted,age,gender
0,AudreyHepburn,14551_AudreyHepburn_36_f.jpg,0.55,0.52275899,14.76459122,-0.133362398,0,36.0,f
1,AngelaLansbury,11971_AngelaLansbury_60_f.jpg,0.55,0.6081148799999999,15.6547966,0.025122691,0,60.0,f
2,MickJagger,2793_MickJagger_64_m.jpg,0.37,0.81793032,12.964674,0.191429794,0,64.0,m
3,MyrnaLoy,12337_MyrnaLoy_20_f.jpg,0.46,0.28972759000000003,7.355385303,0.498269618,0,20.0,f
4,KateOMara,15592_KateOMara_36_f.jpg,0.55,0.7832501000000001,13.82139683,0.03489472,0,36.0,f
5,GenaRowlands,4138_GenaRowlands_48_m.jpg,0.46,0.6519989800000001,13.42101288,0.143627882,0,48.0,m
6,MickeyRooney,7416_MickeyRooney_33_m.jpg,0.37,0.35331653,4.649451733,0.865086675,1,33.0,m
7,JamesCaan,1981_JamesCaan_27_m.jpg,0.28,0.19734220000000002,4.296010971,0.920198858,1,27.0,m
